0,"first name created 1", "last name created 1"
1,"first name created 2", "last name created 2"
2,"first name created 3", "last name created 3"
3,"first name created 4", "last name created 4"
3,"first name created 5", "last name created 5"
4,"first name created 6", "last name created 6"
5,"first name created 7", "last name created 7"
6,"first name created 8", "last name created 8"
7,"first name created 9", "last name created 9"
8,"first name created 10", "last name created 10"
9,"first name created 11", "last name created 11"
10,"first name created 12", "last name created 12"
11,"first name created 13", "last name created 13"
12,"first name created 14", "last name created 14"
13,"first name created 15", "last name created 15"
14,"first name created 16", "last name created 16"