"first name updated 1", "last name updated 1"
"first name updated 2", "last name updated 2"
"first name updated 3", "last name updated 3"
"first name updated 4", "last name updated 4"
"first name updated 5", "last name updated 5"
"first name updated 6", "last name updated 6"
"first name updated 7", "last name updated 7"
"first name updated 8", "last name updated 8"
"first name updated 9", "last name updated 9"
"first name updated 10", "last name updated 10"
"first name updated 11", "last name updated 11"
"first name updated 12", "last name updated 12"
"first name updated 13", "last name updated 13"
"first name updated 14", "last name updated 14"
"first name updated 15", "last name updated 15"
"first name updated 16", "last name updated 16"